{
  "makemkv_path": "C:\\\\Program Files (x86)\\\\MakeMKV\\\\makemkvcon64.exe",
  "ffprobe_path": "ffprobe",
  "drive_index": "auto",
  "auto_eject": true,
  "raw_root_tv": "C:\\\\DiscMapper_UNIFIED_v02\\\\Staging\\\\TV\\\\1_Raw",
  "ready_root_tv": "C:\\\\DiscMapper_UNIFIED_v02\\\\Staging\\\\TV\\\\3_Ready",
  "review_root_tv": "C:\\\\DiscMapper_UNIFIED_v02\\\\Staging\\\\TV\\\\2_Review",
  "unable_root": "C:\\\\DiscMapper_UNIFIED_v02\\\\Staging\\\\Unable_to_Read",
  "done_root_tv": "C:\\\\DiscMapper_UNIFIED_v02\\\\Staging\\\\TV\\\\1_Raw\\\\_done",
  "rip_floor_minutes": 6
}